2026-10-01 15:59:11,AAPL,330.2699890136719,10
2026-10-01 15:59:11,GOOGL,338.1400146484375,5
2026-10-01 15:59:11,MSFT,512.7550048828125,8
2026-10-01 16:00:15,AAPL,330.27,330.17
2026-10-01 16:00:15,GOOGL,338.28,350.79
2026-10-01 16:00:15,MSFT,512.88,519.88
2026-10-01 16:00:52,AAPL,330.32000732421875,10
2026-10-01 16:00:52,GOOGL,338.239990234375,5
2026-10-01 16:00:52,MSFT,512.7999877929688,8
2026-10-01 16:01:13,AAPL,330.32,330.17
2026-10-01 16:01:13,GOOGL,338.24,350.79
2026-10-01 16:01:13,MSFT,512.80,519.88
2026-10-01 16:01:30,AAPL,330.32000732421875,10
2026-10-01 16:01:30,GOOGL,338.239990234375,5
2026-10-01 16:01:30,MSFT,512.7999877929688,8
2026-10-01 16:01:42,AAPL,330.32,330.17
2026-10-01 16:01:42,GOOGL,338.24,350.79
2026-10-01 16:01:42,MSFT,512.80,519.88
2026-10-01 16:02:12,AAPL,330.32,330.17
2026-10-01 16:02:12,GOOGL,338.24,350.79
2026-10-01 16:02:12,MSFT,512.80,519.88
2026-10-01 21:08:00,AAPL,330.32,330.17
2026-10-01 21:08:00,GOOGL,338.24,350.79
2026-10-01 21:08:00,MSFT,512.80,519.88
2026-10-01 21:08:07,AAPL,330.32,330.17
2026-10-01 21:08:07,GOOGL,338.24,350.79
2026-10-01 21:08:07,MSFT,512.80,519.88
2026-10-01 21:08:07,AMD,0.00,0.00
2026-10-01 21:08:30,AAPL,330.32,330.17
2026-10-01 21:08:30,GOOGL,338.24,350.79
2026-10-01 21:08:30,MSFT,512.80,519.88
2026-10-01 21:08:30,AMD,615.73,611.01
2026-10-01 21:09:01,AAPL,330.32,330.17
2026-10-01 21:09:01,GOOGL,338.24,350.79
2026-10-01 21:09:01,MSFT,512.80,519.88
2026-10-01 21:09:01,AMD,615.73,611.01
2026-10-01 21:09:02,AAPL,330.32,330.17
2026-10-01 21:09:02,GOOGL,338.24,350.79
2026-10-01 21:09:02,MSFT,512.80,519.88
2026-10-01 21:09:02,AMD,615.73,611.01
2026-10-01 21:09:02,XP,0.00,0.00
